OLDURL,NEWURL,TYPE,ID,COMMENT,MAIN,
/contacto,/on/demandware.store/Sites-es-babyliss-Site/es_ES/CustomerService-ContactUs,CustomerService-ContactUs,ContactUs,,babylissmen,
/aviso-legal,/on/demandware.store/Sites-es-babyliss-Site/es_ES/CustomerService-ContactUs,CustomerService-ContactUs,ContactUs,,babylissmen,
/contacto,/on/demandware.store/Sites-es-babyliss-Site/es_ES/CustomerService-ContactUs,CustomerService-ContactUs,ContactUs,,es,
/atencion-al-cliente,/on/demandware.store/Sites-es-babyliss-Site/es_ES/CustomerService-ContactUs,CustomerService-ContactUs,ContactUs,,es,
/media/pdf/instrucciones/G937E.pdf,/on/demandware.store/Sites-es-babyliss-Site/es_ES/CustomerService-ContactUs,CustomerService-ContactUs,ContactUs,,es,
/media/pdf/instrucciones/8480E.pdf,/on/demandware.store/Sites-es-babyliss-Site/es_ES/CustomerService-ContactUs,CustomerService-ContactUs,ContactUs,,es,
/politica-cookies,/politica-cookie.html,CustomerService-ContactUs,ContactUs,,es,
/aviso-legal,/politica-privacidad.html,CustomerService-ContactUs,ContactUs,,es,
/politica-privacidad,/politica-privacidad.html,CustomerService-ContactUs,ContactUs,,es,
/,/,Home-Show,,,es,
/2020ce,/mujer/cuidado_del_cabello/multistylers_y_rulos/fun_style-2020CE.html,Product-Show,2020CE,,es,
/cabello/moldeador-pelo/2656e,/mujer/cuidado_del_cabello/cepillos_moldeadores/airstyle_300_intercambiable-2656E.html,Product-Show,2656E,,es,
/271ce,/mujer/cuidado_del_cabello/tenacillas/%C2%A0tenacilla_pro_ceramic_16_mm-271CE.html,Product-Show,271CE,,es,
/cabello/tenacillas-pelo/271ce,/mujer/cuidado_del_cabello/tenacillas/%C2%A0tenacilla_pro_ceramic_16_mm-271CE.html,Product-Show,271CE,,es,
/3021e,/mujer/cuidado_del_cabello/multistylers_y_rulos/rulos_volume_%26_curl_ceramic-3021E.html,Product-Show,3021E,,es,
/cabello/rulos-termicos/3021e,/mujer/cuidado_del_cabello/multistylers_y_rulos/rulos_volume_%26_curl_ceramic-3021E.html,Product-Show,3021E,,es,
/3038e,/mujer/cuidado_del_cabello/multistylers_y_rulos/rulos_volume_%26_curl-3038E.html,Product-Show,3038E,,es,
/3060e,/mujer/cuidado_del_cabello/multistylers_y_rulos/rulos_volume_%26_curl-3060E.html,Product-Show,3060E,,es,
/cabello/rulos-termicos/3060e,/mujer/cuidado_del_cabello/multistylers_y_rulos/rulos_volume_%26_curl-3060E.html,Product-Show,3060E,,es,
/secador-mini-de-viaje,/mujer/cuidado_del_cabello/formatos_mini/secador_mini_de_viaje-5250E.html,Product-Show,5250E,,es,
/pro-light-2000w-negro,/mujer/cuidado_del_cabello/secadores/pro_light_negro-6604E.html,Product-Show,6604E,,es,
/pro-light-2000w-blanco,/mujer/cuidado_del_cabello/secadores/pro_light_blanco-6604WE.html,Product-Show,6604WE,,es,
/pro-light-2100w,/mujer/cuidado_del_cabello/secadores/pro_light-6609E.html,Product-Show,6609E,,es,
/cabello/secadores-expert/expert-2100-negro,/mujer/cuidado_del_cabello/secadores/pro_light_volume_-_2100w-6610DE.html,Product-Show,6610DE,,es,
/cabello/secadores-profesional/pro-light-2100w,/mujer/cuidado_del_cabello/secadores/pro_light_volume_-_2100w-6610DE.html,Product-Show,6610DE,,es,
/pro-light-volume-2100w,/mujer/cuidado_del_cabello/secadores/pro_light_volume_-_2100w-6610DE.html,Product-Show,6610DE,,es,
/pro-silence-2200w,/mujer/cuidado_del_cabello/secadores/pro_silence_-_2200w-6611E.html,Product-Show,6611E,,es,
/cabello/secadores-profesional/secador-pro-silence-volume,/mujer/cuidado_del_cabello/secadores/secador_pro_silence_volume-6613DE.html,Product-Show,6613DE,,es,
/secador-pro-silence-volume,/mujer/cuidado_del_cabello/secadores/secador_pro_silence_volume-6613DE.html,Product-Show,6613DE,,es,
/cabello/secadores-profesional/pro-intense-2400w-rojo,/mujer/cuidado_del_cabello/secadores/pro_intense_2400w_rojo-6615E.html,Product-Show,6615E,,es,
/pro-intense-2400w-rojo,/mujer/cuidado_del_cabello/secadores/pro_intense_2400w_rojo-6615E.html,Product-Show,6615E,,es,
/pro-intense-2400w-negro,/mujer/cuidado_del_cabello/secadores/pro_intense_2400w_negro-6616E.html,Product-Show,6616E,,es,
/cabello/secadores-profesional/secador-ac-le-pro-compact-6720e,/mujer/cuidado_del_cabello/secadores/secador_ac_le_pro_compact-6720E.html,Product-Show,6720E,,es,
/secador-ac-le-pro-compact-6720e,/mujer/cuidado_del_cabello/secadores/secador_ac_le_pro_compact-6720E.html,Product-Show,6720E,,es,
/cabello/secadores-profesional/pro-digital-compact,/mujer/cuidado_del_cabello/secadores/secador_ac_le_pro_compact-6730E.html,Product-Show,6730E,,es,
/cabello/secadores-profesional/secador-ac-le-pro-compact-intense-plata-6730e,/mujer/cuidado_del_cabello/secadores/secador_ac_le_pro_compact-6730E.html,Product-Show,6730E,,es,
/secador-ac-le-pro-compact-intense-plata-6730e,/mujer/cuidado_del_cabello/secadores/secador_ac_le_pro_compact-6730E.html,Product-Show,6730E,,es,
/cabello/secadores-profesional/secador-ac-le-pro-compact-intense-oro-rosa-6732e,/mujer/cuidado_del_cabello/secadores/secador_ac_le_pro_compact_intense_oro_rosa-6732E.html,Product-Show,6732E,,es,
/secador-ac-le-pro-compact-intense-oro-rosa-6732e,/mujer/cuidado_del_cabello/secadores/secador_ac_le_pro_compact_intense_oro_rosa-6732E.html,Product-Show,6732E,,es,
/cabello/secadores-profesional/secador-ac-le-pro-compact-intense-white-gold-6735e,/mujer/cuidado_del_cabello/secadores/secador_ac_le_pro_compact_intense_white_and_gold-6735E.html,Product-Show,6735E,,es,
/secador-ac-le-pro-compact-intense-white-gold-6735e,/mujer/cuidado_del_cabello/secadores/secador_ac_le_pro_compact_intense_white_and_gold-6735E.html,Product-Show,6735E,,es,
/belleza/espejo-maquillaje-x5,/mujer/belleza/espejos/espejo_luminoso_redondo-8435E.html,Product-Show,8435E,,es,
/belleza/espejo-maquillaje-x1-x7,/mujer/belleza/espejos/espejo_luminoso_ovalado-8437E.html,Product-Show,8437E,,es,
/belleza/espejo-maquillaje-x1-x8,/mujer/belleza/espejos/espejo_luminoso_doble_cara-8438E.html,Product-Show,8438E,,es,
/as121e-606,/mujer/cuidado_del_cabello/cepillos_moldeadores/cepillo_de_aire_airstyle_1200-AS121E.html,Product-Show,AS121E,,es,
/cabello/moldeador-pelo/as121e-606,/mujer/cuidado_del_cabello/cepillos_moldeadores/cepillo_de_aire_airstyle_1200-AS121E.html,Product-Show,AS121E,,es,
/cabello/moldeador-pelo/cepillo-de-aire-gold-ceramic-3-cabezales-as125e,/mujer/cuidado_del_cabello/cepillos_moldeadores/cepillo_de_aire_gold_ceramic_3_cabezales-AS125E.html,Product-Show,AS125E,,es,
/cepillo-de-aire-gold-ceramic-3-cabezales-as125e,/mujer/cuidado_del_cabello/cepillos_moldeadores/cepillo_de_aire_gold_ceramic_3_cabezales-AS125E.html,Product-Show,AS125E,,es,
/as130e-605,/mujer/cuidado_del_cabello/cepillos_moldeadores/cepillo_rotativo_brushing_700-AS130E.html,Product-Show,AS130E,,es,
/cabello/moldeador-pelo/as130e-605,/mujer/cuidado_del_cabello/cepillos_moldeadores/cepillo_rotativo_brushing_700-AS130E.html,Product-Show,AS130E,,es,
/cabello/moldeador-pelo/cepillo-de-aire-gold-ceramic-4-cabezales-as135e,/mujer/cuidado_del_cabello/cepillos_moldeadores/cepillo_de_aire_gold_ceramic_4_cabezales-AS135E.html,Product-Show,AS135E,,es,
/cepillo-de-aire-gold-ceramic-4-cabezales-as135e,/mujer/cuidado_del_cabello/cepillos_moldeadores/cepillo_de_aire_gold_ceramic_4_cabezales-AS135E.html,Product-Show,AS135E,,es,
/cabello/moldeador-pelo/cepillo-rotativo-ceramico-especial-alisado-611,/mujer/cuidado_del_cabello/cepillos_moldeadores/cepillo_moldeador_giratorio_iónico_“especial_secado”-AS200E.html,Product-Show,AS200E,,es,
/cabello/moldeador-pelo/cepillo-rotativo-ionico-especial-secado-610,/mujer/cuidado_del_cabello/cepillos_moldeadores/cepillo_moldeador_giratorio_iónico_“especial_secado”-AS200E.html,Product-Show,AS200E,,es,
/cepillo-rotativo-ionico-especial-secado-610,/mujer/cuidado_del_cabello/cepillos_moldeadores/cepillo_moldeador_giratorio_iónico_“especial_secado”-AS200E.html,Product-Show,AS200E,,es,
/cepillo-rotativo-ceramico-especial-alisado-611,mujer/cuidado_del_cabello/cepillos_moldeadores/cepillo_moldeador_giratorio_cerámico_“especial_alisado”-AS250E.html,Product-Show,AS250E,,es,
/cabello/moldeador-pelo/cepillo-rotatorio-gold-ceramic-2cabezales-as510e,/mujer/cuidado_del_cabello/cepillos_moldeadores/cepillo_rotatorio_gold_ceramic_2_accesorios-AS510E.html,Product-Show,AS510E,,es,
/cepillo-rotatorio-gold-ceramic-2cabezales-as510e,/mujer/cuidado_del_cabello/cepillos_moldeadores/cepillo_rotatorio_gold_ceramic_2_accesorios-AS510E.html,Product-Show,AS510E,,es,
/cabello/moldeador-pelo/cepillo-rotatorio-gold-ceramic-4cabezales-as520e,/mujer/cuidado_del_cabello/cepillos_moldeadores/cepillo_rotatorio_gold_ceramic_4_accesorios-AS520E.html,Product-Show,AS520E,,es,
/cepillo-rotatorio-gold-ceramic-4cabezales-as520e,/mujer/cuidado_del_cabello/cepillos_moldeadores/cepillo_rotatorio_gold_ceramic_4_accesorios-AS520E.html,Product-Show,AS520E,,es,
/700w-pro-rotating-brush-608,/mujer/cuidado_del_cabello/cepillos_moldeadores/700w-_pro_rotating_brush-AS531E.html,Product-Show,AS531E,,es,
/cabello/moldeador-pelo/cepillo-rotatorio-deep-black-ceramic-4-cabezales-as540e,/mujer/cuidado_del_cabello/cepillos_moldeadores/cepillo_de_aire_rotatorio_deep_black_ceramic-sensitive_as540e.html,Product-Show,as540e,,es,
/cepillo-rotatorio-deep-black-ceramic-4-cabezales-as540e,/mujer/cuidado_del_cabello/cepillos_moldeadores/cepillo_de_aire_rotatorio_deep_black_ceramic-sensitive_as540e.html,Product-Show,as540e,,es,
/cabello/moldeador-pelo/cepillo-rotatorio-white-gold-4-cabezales-as545,/mujer/cuidado_del_cabello/cepillos_moldeadores/cepillo_rotatorio_white%26gold_4acc-AS545E.html,Product-Show,AS545E,,es,
/cepillo-rotatorio-white-gold-4-cabezales-as545,/mujer/cuidado_del_cabello/cepillos_moldeadores/cepillo_rotatorio_white%26gold_4acc-AS545E.html,Product-Show,AS545E,,es,
/800w-pro-rotating-brush-609,/mujer/cuidado_del_cabello/cepillos_moldeadores/800w-_pro_rotating_brush-AS551E.html,Product-Show,AS551E,,es,
/cabello/moldeador-pelo/800w-pro-rotating-brush-609,/mujer/cuidado_del_cabello/cepillos_moldeadores/800w-_pro_rotating_brush-AS551E.html,Product-Show,AS551E,,es,
/as81e-604,/mujer/cuidado_del_cabello/cepillos_moldeadores/cepillo_de_aire_airstyler_800-AS81E.html,Product-Show,AS81E,,es,
/cabello/rizadores-curl-secret/curl-secret-ionic-con-control-de-direccion,/mujer/cuidado_del_cabello/rizadores_curl_secret/curl_secret_ionic-C1050E.html,Product-Show,C1050E,,es,
/cabello/rizadores-curl-secret/curl-secret-lcd-white-gold-curl-secret-lcd-white-gold-c1225e,/mujer/cuidado_del_cabello/rizadores_curl_secret/curl_secret_lcd_white%26gold-C1225E.html,Product-Show,C1225E,,es,
/curl-secret-lcd-white-gold-curl-secret-lcd-white-gold-c1225e,/mujer/cuidado_del_cabello/rizadores_curl_secret/curl_secret_lcd_white%26gold-C1225E.html,Product-Show,C1225E,,es,
/C1600E/ES/index.html,/mujer/cuidado_del_cabello/rizadores_curl_secret/curl_secret_optimum-optimum_c1600e.html,Product-Show,c1600e,,es,
/cabello/rizadores-curl-secret/curl-secret-optimum-lcd-c1600e,/mujer/cuidado_del_cabello/rizadores_curl_secret/curl_secret_optimum-optimum_c1600e.html,Product-Show,c1600e,,es,
/curl-secret-optimum-lcd-c1600e,/mujer/cuidado_del_cabello/rizadores_curl_secret/curl_secret_optimum-optimum_c1600e.html,Product-Show,c1600e,,es,
/rizadores-curl-secret-optimum-C1600E/ES/index.html,/mujer/cuidado_del_cabello/rizadores_curl_secret/curl_secret_optimum-optimum_c1600e.html,Product-Show,c1600e,,es,
/c20e,/mujer/cuidado_del_cabello/tenacillas/easy_curl-C20E.html,Product-Show,C20E,,es,
/cabello/tenacillas-pelo/c20e,/mujer/cuidado_del_cabello/tenacillas/easy_curl-C20E.html,Product-Show,C20E,,es,
/c319e,/mujer/cuidado_del_cabello/tenacillas/tenacilla_sublim´touch_19_mm-C319E.html,Product-Show,C319E,,es,
/cabello/tenacillas-pelo/c319e,/mujer/cuidado_del_cabello/tenacillas/tenacilla_sublim´touch_19_mm-C319E.html,Product-Show,C319E,,es,
/cabello/tenacillas-pelo/tenacilla-sublim-touch-25-mm,/mujer/cuidado_del_cabello/tenacillas/tenacilla_sublim´touch_25_mm-C325E.html,Product-Show,C325E,,es,
/tenacilla-sublim-touch-25-mm,/mujer/cuidado_del_cabello/tenacillas/tenacilla_sublim´touch_25_mm-C325E.html,Product-Show,C325E,,es,
/c332e,/mujer/cuidado_del_cabello/tenacillas/tenacilla_sublim´touch_32_mm-C332E.html,Product-Show,C332E,,es,
/cabello/tenacillas-pelo/c332e,/mujer/cuidado_del_cabello/tenacillas/tenacilla_sublim´touch_32_mm-C332E.html,Product-Show,C332E,,es,
/c338e,/mujer/cuidado_del_cabello/tenacillas/tenacilla_sublim´touch_38_mm-C338E.html,Product-Show,C338E,,es,
/cabello/tenacillas-pelo/c338e,/mujer/cuidado_del_cabello/tenacillas/tenacilla_sublim´touch_38_mm-C338E.html,Product-Show,C338E,,es,
/tenacilla-gold-ceramic-s-c419e,/mujer/cuidado_del_cabello/tenacillas/tenacilla_gold_ceramic__«_s_»_19%C2%A0mm-C419E.html,Product-Show,C419E,,es,
/cabello/tenacillas-pelo/tenacilla-gold-ceramic-m-c425e,/mujer/cuidado_del_cabello/tenacillas/tenacilla_gold_ceramic_«_m_»_25%C2%A0mm-C425E.html,Product-Show,C425E,,es,
/tenacilla-gold-ceramic-m-c425e,/mujer/cuidado_del_cabello/tenacillas/tenacilla_gold_ceramic_«_m_»_25%C2%A0mm-C425E.html,Product-Show,C425E,,es,
/cabello/tenacillas-pelo/tenacilla-gold-ceramic-l-c432e,/mujer/cuidado_del_cabello/tenacillas/tenacillas_gold_ceramic_32%C2%A0mm-C432E.html,Product-Show,C432E,,es,
/tenacilla-gold-ceramic-l-c432e,/mujer/cuidado_del_cabello/tenacillas/tenacillas_gold_ceramic_32%C2%A0mm-C432E.html,Product-Show,C432E,,es,
/cabello/tenacillas-pelo/tenacilla-conica-gold-ceramic-c435e,/mujer/cuidado_del_cabello/tenacillas/tenacillas_cónicas_gold_ceramic_13-25%C2%A0mm-C435E.html,Product-Show,C435E,,es,
/tenacilla-conica-gold-ceramic-c435e,/mujer/cuidado_del_cabello/tenacillas/tenacillas_cónicas_gold_ceramic_13-25%C2%A0mm-C435E.html,Product-Show,C435E,,es,
/cabello/tenacillas-pelo/tenacilla-ovalada-gold-ceramic-c440e,/mujer/cuidado_del_cabello/tenacillas/tenacillas_ovaladas_gold_ceramic_38%C2%A0mm-C440E.html,Product-Show,C440E,,es,
/tenacilla-ovalada-gold-ceramic-c440e,/mujer/cuidado_del_cabello/tenacillas/tenacillas_ovaladas_gold_ceramic_38%C2%A0mm-C440E.html,Product-Show,C440E,,es,
/c525e,/mujer/cuidado_del_cabello/tenacillas/tenacilla_i_pro_25mm-C525E.html,Product-Show,C525E,,es,
/cabello/tenacillas-pelo/c525e,/mujer/cuidado_del_cabello/tenacillas/tenacilla_i_pro_25mm-C525E.html,Product-Show,C525E,,es,
/cabello/tenacillas-pelo/tenacilla-deep-black-s-c619e,/mujer/cuidado_del_cabello/tenacillas/tenacilla_sensitive_«_s_»_19%C2%A0mm-C619E.html,Product-Show,C619E,,es,
/tenacilla-deep-black-s-c619e,/mujer/cuidado_del_cabello/tenacillas/tenacilla_sensitive_«_s_»_19%C2%A0mm-C619E.html,Product-Show,C619E,,es,
/cabello/tenacillas-pelo/tenacilla-deep-black-ceramic-m-c625e,/mujer/cuidado_del_cabello/tenacillas/tenacilla_sensitive_«_m_»_25_mm-C625E.html,Product-Show,C625E,,es,
/tenacilla-deep-black-ceramic-m-c625e,/mujer/cuidado_del_cabello/tenacillas/tenacilla_sensitive_«_m_»_25_mm-C625E.html,Product-Show,C625E,,es,
/cabello/tenacillas-pelo/tenacilla-deep-black-ceramic-l-c632e,/mujer/cuidado_del_cabello/tenacillas/tenacilla_sensitive_«_l_»_32%C2%A0mm-C632E.html,Product-Show,C632E,,es,
/tenacilla-deep-black-ceramic-l-c632e,/mujer/cuidado_del_cabello/tenacillas/tenacilla_sensitive_«_l_»_32%C2%A0mm-C632E.html,Product-Show,C632E,,es,
/cabello/tenacillas-pelo/tenacilla-deep-black-ceramic-xl-c638e,/mujer/cuidado_del_cabello/tenacillas/tenacilla_sensitive_«xl_»_38_mm-C638E.html,Product-Show,C638E,,es,
/tenacilla-deep-black-ceramic-xl-c638e,/mujer/cuidado_del_cabello/tenacillas/tenacilla_sensitive_«xl_»_38_mm-C638E.html,Product-Show,C638E,,es,
/cabello/rizadores-curl-secret/curl-secret-dark-pink,/mujer/cuidado_del_cabello/rizadores_curl_secret/fashion_curl_secret_rosa-C903PE.html,Product-Show,C903PE,,es,
/curl-secret-dark-pink,/mujer/cuidado_del_cabello/rizadores_curl_secret/fashion_curl_secret_rosa-C903PE.html,Product-Show,C903PE,,es,
/secador-compacto,/mujer/cuidado_del_cabello/formatos_mini/secador_compacto-D212E.html,Product-Show,D212E,,es,
/cabello/secadores-expert/expert-2000-negro,/mujer/cuidado_del_cabello/secadores/expert_2100_negro-D322E.html,Product-Show,D322E,,es,
/cabello/secadores-expert/expert-2200,/mujer/cuidado_del_cabello/secadores/secador_expert_2200-D342E.html,Product-Show,D342E,,es,
/pro-2200w,/mujer/cuidado_del_cabello/secadores/secador_expert_2200-D342E.html,Product-Show,D342E,,es,
/cabello/secadores-expert/expert-2300,/mujer/cuidado_del_cabello/secadores/secador_expert_2300-D362E.html,Product-Show,D362E,,es,
/retra-cord-2000,/mujer/cuidado_del_cabello/secadores/retra-cord_2000-D372E.html,Product-Show,D372E,,es,
/secador-inteligente/index.html,/mujer/cuidado_del_cabello/secadores/el%C2%A0secador%C2%A0inteligente-DIGITALSENSOR6500ESE.html,Product-Show,DIGITALSENSOR6500ESE,,es,
/cabello/range-sensor-digital/cepillo-inteligente-as500e-620,/mujer/cuidado_del_cabello/cepillos_moldeadores/cepillo_moldeador_digital_sensor-DIGITALSENSORAS500E.html,Product-Show,DIGITALSENSORAS500E,,es,
/cepillo-moldeador-inteligente/index.html,/mujer/cuidado_del_cabello/cepillos_moldeadores/cepillo_moldeador_digital_sensor-DIGITALSENSORAS500E.html,Product-Show,DIGITALSENSORAS500E,,es,
/curl-secret-inteligente/index.html,/mujer/cuidado_del_cabello/rizadores_curl_secret/curl_secret_inteligente-DIGITALSENSORC1500E.html,Product-Show,DIGITALSENSORC1500E,,es,
/plancha-inteligente/index.html,/mujer/cuidado_del_cabello/planchas_de_pelo/plancha_inteligente_con__sensor_digital-DIGITALSENSORST500E.html,Product-Show,DIGITALSENSORST500E,,es,
/multi/naricero-orejero.html,/hombre/cuerpo/nariceros-orejeros/e650e-E650E.html,Product-Show,E650E,,babylissmen,
/pelo/cortapelos-535.html,/hombre/pelo/cortapelos/cortapelos-E695E.html,Product-Show,E695E,,babylissmen,
/pelo/pro-40.html,/hombre/pelo/cortapelos/cortapelos_pro_40-E751E.html,Product-Show,E751E,,babylissmen,
/pro-40.html,/hombre/pelo/cortapelos/cortapelos_pro_40-E751E.html,Product-Show,E751E,,babylissmen,
/cortapelos-e755e.html,/hombre/pelo/cortapelos/cortapelos_con_cable_e755e-E755E.html,Product-Show,E755E,,babylissmen,
/pelo/cortapelos-e755e.html,/hombre/pelo/cortapelos/cortapelos_con_cable_e755e-E755E.html,Product-Show,E755E,,babylissmen,
/pelo/pro-81.html,/hombre/pelo/cortapelos/cortapelos_pro_40_2_en_1-E781E.html,Product-Show,E781E,,babylissmen,
/cortapelos-e785r-sin-cable.html,/hombre/pelo/cortapelos/cortapelos_ergonómico_sin_cable-E785E.html,Product-Show,E785E,,babylissmen,
/pelo/cortapelos-e785r-sin-cable.html,/hombre/pelo/cortapelos/cortapelos_ergonómico_sin_cable-E785E.html,Product-Show,E785E,,babylissmen,
/pelo/pro-82.html,/hombre/pelo/cortapelos/cortapelos_pro_40_turbo-E791E.html,Product-Show,E791E,,babylissmen,
/pro-84.html,/hombre/pelo/cortapelos/cortapelos_pro_40_turbo-E791E.html,Product-Show,E791E,,babylissmen,
/cortapelos-2-en-1.html,/hombre/pelo/cortapelos/cortapelos_pelo_y_barba-E795E.html,Product-Show,E795E,,babylissmen,
/multi/multi-6.html,/hombre/cuerpo/multigroom/multi_6-E823E.html,Product-Show,E823E,,babylissmen,
/multi/multi-10.html,/hombre/cuerpo/multigroom/multi_10-E826E.html,Product-Show,E826E,,babylissmen,
/multi-10.html,/hombre/cuerpo/multigroom/multi_10-E826E.html,Product-Show,E826E,,babylissmen,
/multi-8.html,/hombre/cuerpo/multigroom/multi_8-E835E.html,Product-Show,E8353E,,babylissmen,
/multi-28.html,/hombre/cuerpo/multigroom/multi_8-E835E.html,Product-Show,E835E,,babylissmen,
/multi/multi-8.html,/hombre/cuerpo/multigroom/multi_8-E835E.html,Product-Show,E835E,,babylissmen,
/multi/multi-28.html,/hombre/cuerpo/multigroom/multi_8-E835E.html,Product-Show,E835E,,babylissmen,
/e856e.html,/hombre/barba/barberos/baardtrimmer-E856E.html,Product-Show,E856E,,babylissmen,
/barba/e856e.html,/hombre/barba/barberos/baardtrimmer-E856E.html,Product-Show,E856E,,babylissmen,
/barba/barbero-digital-control.html,/hombre/barba/barberos/barbero_digital_control-E876E.html,Product-Show,E876E,,babylissmen,
/barbero-digital-control.html,/hombre/barba/barberos/barbero_digital_control-E876E.html,Product-Show,E876E,,babylissmen,
/e886e.html,/hombre/barba/barberos/barbero_digital_control_recargable-E886E.html,Product-Show,E886E,,babylissmen,
/barba/e886e.html,/hombre/barba/barberos/barbero_digital_control_recargable-E886E.html,Product-Show,E886E,,babylissmen,
/pelo/pro-83.html,/hombre/pelo/cortapelos/cortapelos_pro_45_con_y_sin_cable-E933E.html,Product-Show,E933E,,babylissmen,
/pro-83.html,/hombre/pelo/cortapelos/cortapelos_pro_45_con_y_sin_cable-E933E.html,Product-Show,E933E,,babylissmen,
/pro-86.html,/hombre/pelo/cortapelos/cortapelos_pro_45_turbo-E934E.html,Product-Show,E934E,,babylissmen,
/pelo/pro-86.html,/hombre/pelo/cortapelos/cortapelos_pro_45_turbo-E934E.html,Product-Show,E934E,,babylissmen,
/pelo/pro-87.html,/hombre/pelo/cortapelos/pro_45_perfilador-E935E.html,Product-Show,E935E,,babylissmen,
/pelo/pro-85.html,/hombre/pelo/cortapelos/pro_45_perfilador-E935E.html,Product-Show,E935E,,babylissmen,
/pro-87.html,/hombre/pelo/cortapelos/pro_45_perfilador-E935E.html,Product-Show,E935E,,babylissmen,
/pelo/cortapelos-pro-45-led.html,/hombre/pelo/cortapelos/cortapelos_pro_45-E956E.html,Product-Show,E956E,,babylissmen,
/pelo/pro-45.html,/hombre/pelo/cortapelos/cortapelos_pro_45-E956E.html,Product-Show,E956E,,babylissmen,
/pelo/ipro-45-intensive.html,/hombre/pelo/cortapelos/ipro_45_intensive-E965IE.html,Product-Show,E965IE,,babylissmen,
/ipro-45-intensive.html,/hombre/pelo/cortapelos/ipro_45_intensive-E965IE.html,Product-Show,E965IE,,babylissmen,
/cortapelos-pro-41.html,/hombre/pelo/cortapelos/cortapelos_pro_41-E970E.html,Product-Show,E970E,,babylissmen,
/pelo/cortapelos-pro-41.html,/hombre/pelo/cortapelos/cortapelos_pro_41-E970E.html,Product-Show,E970E,,babylissmen,
/cortapelos-pro-41-titanio.html,/hombre/pelo/cortapelos/cortapelos_pro_41_titanio-E971E.html,Product-Show,E971E,,babylissmen,
/pelo/cortapelos-pro-41-titanio.html,/hombre/pelo/cortapelos/cortapelos_pro_41_titanio-E971E.html,Product-Show,E971E,,babylissmen,
/776501,/mujer/cuidado_del_cabello/formatos_mini/mini_plancha_de_viaje-H100E.html,Product-Show,H100E,,es,
/mini-plancha,/mujer/cuidado_del_cabello/formatos_mini/mini_plancha_de_viaje-H100E.html,Product-Show,H100E,,es,
/mini-plancha-rizadora,/mujer/cuidado_del_cabello/formatos_mini/mini_plancha_rizadora_de_viaje-H110E.html,Product-Show,H110E,,es,
/cabello/mini/mini-ondulador,/mujer/cuidado_del_cabello/formatos_mini/mini_ondulador_de_viaje-H120E.html,Product-Show,H120E,,es,
/mini-ondulador,/mujer/cuidado_del_cabello/formatos_mini/mini_ondulador_de_viaje-H120E.html,Product-Show,H120E,,es,
/mini-rizador,/mujer/cuidado_del_cabello/formatos_mini/mini_ondulador_de_viaje-H120E.html,Product-Show,H120E,,es,
/cabello/secadores-profesional/pro-digital,/mujer/cuidado_del_cabello/secadores/pro_digital-HERO6000E.html,Product-Show,HERO6000E,,es,
/pro-digital,/mujer/cuidado_del_cabello/secadores/pro_digital-HERO6000E.html,Product-Show,HERO6000E,,es,
/pro-digital-compact,/mujer/cuidado_del_cabello/secadores/pro_digital-HERO6000E.html,Product-Show,HERO6000E,,es,
/curl-secret-2,/mujer/cuidado_del_cabello/rizadores_curl_secret/curl_secret_2-HEROC1300E.html,Product-Show,HEROC1300E,,es,
/beard-designer/index.html,/hombre/barba/barberos/le_beard_designer-HERODESIGNER,Product-Show,HERODESIGNER,,babylissmen,
/barba/le-beard-designer.html,/hombre/barba/barberos/le_beard_designer-HERODESIGNER.html,Product-Show,HERODESIGNER,,babylissmen,
/barba/cuchillas-de-recambio-le-beard-designer.html,/hombre/barba/barberos/le_beard_designer-HERODESIGNER.html,Product-Show,HERODESIGNER,,babylissmen,
/le-beard-designer.html,/hombre/barba/barberos/le_beard_designer-HERODESIGNER.html,Product-Show,HERODESIGNER,,babylissmen,
/cuchillas-de-recambio-le-beard-designer.html,/hombre/barba/barberos/le_beard_designer-HERODESIGNER.html,Product-Show,HERODESIGNER,,babylissmen,
/perfect-liss,/mujer/depilación/depilación_de_arranque/perfect’liss™-HEROG80.html,Product-Show,HEROG80,,es,
/perfect-liss-duo,/mujer/depilación/depilación_de_arranque/perfect’liss™_duo-HEROG82.html,Product-Show,HEROG82,,es,
/depilacion-luz-pulsada/homelight-compact,/mujer/depilación/depilación_con_luz_pulsada/homelight®_compact-HEROG93.html,Product-Show,HEROG93,,es,
/pedi-secret,/mujer/belleza/manicura_y_pedicura/pedi’secret™-HEROH700E.html,Product-Show,HEROH700E,,es,
/pedicare-secret,/mujer/belleza/manicura_y_pedicura/pedi’secret™-HEROH700E.html,Product-Show,HEROH700E,,es,
/cabello/moldeador-pelo/cepillo-de-aire-alisador-seca-alisa,/mujer/cuidado_del_cabello/cepillos_alisadores/liss_brush_3d-HEROHSB100E.html,Product-Show,HEROHSB100E,,es,
/cepillo-de-aire-alisador-seca-alisa,/mujer/cuidado_del_cabello/cepillos_alisadores/liss_brush_3d-HEROHSB100E.html,Product-Show,HEROHSB100E,,es,
/liss-brush-3d,/mujer/cuidado_del_cabello/cepillos_alisadores/liss_brush_3d-HEROHSB100E.html,Product-Show,HEROHSB100E,,es,
/liss-brush-3d-negro,/mujer/cuidado_del_cabello/cepillos_alisadores/liss_brush_3d-HEROHSB100E.html,Product-Show,HEROHSB100E,,es,
/steam_pure/index.html,/mujer/cuidado_del_cabello/planchas_de_pelo/steam_pure-HEROST495E.html,Product-Show,HEROST495E,,es,
/steam-pure-tratamiento-spa,/mujer/cuidado_del_cabello/planchas_de_pelo/steam_pure-HEROST495E.html,Product-Show,HEROST495E,,es,
/cabello/moldeador-pelo/ms21e,/mujer/cuidado_del_cabello/multistylers_y_rulos/style_mix-MS21E.html,Product-Show,MS21E,,es,
/cabello/moldeador-pelo/ms21e-612,/mujer/cuidado_del_cabello/multistylers_y_rulos/style_mix-MS21E.html,Product-Show,MS21E,,es,
/ms21e-612,/mujer/cuidado_del_cabello/multistylers_y_rulos/style_mix-MS21E.html,Product-Show,MS21E,,es,
/pro-45.html,/hombre/pelo/cortapelos/cortapelos_pro_45mm-pro45intense.html,Product-Show,pro45intense,,babylissmen,
/cortapelos-pro-45-led.html,/hombre/pelo/cortapelos/cortapelos_pro_45mm-pro45intense.html,Product-Show,pro45intense,,babylissmen,
/pelo/cotapelos-pro-e980e.html,/hombre/pelo/cortapelos/cortapelos_pro_45mm-pro45intense.html,Product-Show,pro45intense,,babylissmen,
/cotapelos-pro-e980e.html,/hombre/pelo/cortapelos/cortapelos_pro_45mm-pro45intense.html,Product-Show,pro45intense,,babylissmen,
/cabello/rulos-termicos/rs100e,/mujer/cuidado_del_cabello/multistylers_y_rulos/clip_%26_curl-RS100E.html,Product-Show,RS100E,,es,
/C2000E/index.html,/mujer/cuidado_del_cabello/rizadores_curl_secret/smooth_and_wave-smooth_wave.html,Product-Show,smooth_wave,,es,
/moldeador-smooth-wave-c2000e/index.html,/mujer/cuidado_del_cabello/rizadores_curl_secret/smooth_and_wave-smooth_wave.html,Product-Show,smooth_wave,,es,
/cabello/planchas-pelo/st292e,/mujer/cuidado_del_cabello/planchas_de_pelo/i_pro_230_steam-ST292E.html,Product-Show,ST292E,,es,
/st292e,/mujer/cuidado_del_cabello/planchas_de_pelo/i_pro_230_steam-ST292E.html,Product-Show,ST292E,,es,
/st325e,/mujer/cuidado_del_cabello/planchas_de_pelo/ultra_slim_22_protect-ST325E.html,Product-Show,ST325E,,es,
/cabello/planchas-pelo/st326e,/mujer/cuidado_del_cabello/planchas_de_pelo/slim_28_protect-ST326E.html,Product-Show,ST326E,,es,
/st326e,/mujer/cuidado_del_cabello/planchas_de_pelo/slim_28_protect-ST326E.html,Product-Show,ST326E,,es,
/st327e,/mujer/cuidado_del_cabello/planchas_de_pelo/slim_28_mm_intense_protect-ST327E.html,Product-Show,ST327E,,es,
/cabello/planchas-pelo/st330e,/mujer/cuidado_del_cabello/planchas_de_pelo/plancha_2_en_1_intense_protect-ST330E.html,Product-Show,ST330E,,es,
/cabello/planchas-pelo/st387e,/mujer/cuidado_del_cabello/planchas_de_pelo/plancha_i-pro_235_protect-ST387E.html,Product-Show,ST387E,,es,
/st387e,/mujer/cuidado_del_cabello/planchas_de_pelo/plancha_i-pro_235_protect-ST387E.html,Product-Show,ST387E,,es,
/cabello/planchas-pelo/st389e,/mujer/cuidado_del_cabello/planchas_de_pelo/plancha_i-pro_235_xl_intense_protect-ST389E.html,Product-Show,ST389E,,es,
/st389e,/mujer/cuidado_del_cabello/planchas_de_pelo/plancha_i-pro_235_xl_intense_protect-ST389E.html,Product-Show,ST389E,,es,
/plancha-gold-ceramic-s-st4110e,/mujer/cuidado_del_cabello/planchas_de_pelo/plancha_gold_ceramic_s_24mm-ST410E.html,Product-Show,ST410E,,es,
/cabello/planchas-pelo/plancha-gold-ceramic-m-st420e,/mujer/cuidado_del_cabello/planchas_de_pelo/plancha_gold_ceramic_m_25_mm-ST420E.html,Product-Show,ST420E,,es,
/plancha-gold-ceramic-m-st420e,/mujer/cuidado_del_cabello/planchas_de_pelo/plancha_gold_ceramic_m_25_mm-ST420E.html,Product-Show,ST420E,,es,
/cabello/planchas-pelo/plancha-gold-ceramic-l-st430e,/mujer/cuidado_del_cabello/planchas_de_pelo/plancha_gold_ceramic_l_35_mm-ST430E.html,Product-Show,ST430E,,es,
/plancha-gold-ceramic-l-st430e,/mujer/cuidado_del_cabello/planchas_de_pelo/plancha_gold_ceramic_l_35_mm-ST430E.html,Product-Show,ST430E,,es,
/cabello/planchas-pelo/plancha-blush-ceramic-l-st432e,/mujer/cuidado_del_cabello/planchas_de_pelo/plancha_blush_ceramic_l-ST432E.html,Product-Show,ST432E,,es,
/plancha-blush-ceramic-l-st432e,/mujer/cuidado_del_cabello/planchas_de_pelo/plancha_blush_ceramic_l-ST432E.html,Product-Show,ST432E,,es,
/cabello/planchas-pelo/plancha-sensitive-pearl-st460e,/mujer/cuidado_del_cabello/planchas_de_pelo/las_planchas_de_pelo_sensitive-st450e_st460e.html,Product-Show,st450e_st460e,,es,
/plancha-sensitive-pearl-st460e,/mujer/cuidado_del_cabello/planchas_de_pelo/las_planchas_de_pelo_sensitive-st450e_st460e.html,Product-Show,st450e_st460e,,es,
/plancha-sensitive-pink-ST450E-ST460E/ES/index.html,/mujer/cuidado_del_cabello/planchas_de_pelo/las_planchas_de_pelo_sensitive-st450e_st460e.html,Product-Show,st450e_st460e,,es,
/plancha-sensitive-violet-st450e,/mujer/cuidado_del_cabello/planchas_de_pelo/las_planchas_de_pelo_sensitive-st450e_st460e.html,Product-Show,st450e_st460e,,es,
/ST450E-ST460E/ES/index.html,/mujer/cuidado_del_cabello/planchas_de_pelo/las_planchas_de_pelo_sensitive-st450e_st460e.html,Product-Show,st450e_st460e,,es,
/cabello/planchas-pelo/plancha-sensitive-white-gold-st455e,/mujer/cuidado_del_cabello/planchas_de_pelo/plancha_sensitive_white%26gold-ST455E.html,Product-Show,ST455E,,es,
/plancha-sensitive-white-gold-st455e,/mujer/cuidado_del_cabello/planchas_de_pelo/plancha_sensitive_white%26gold-ST455E.html,Product-Show,ST455E,,es,
/st480e/index.html,/mujer/cuidado_del_cabello/planchas_de_pelo/pure_metal_oro_blanco-ST480E.html,Product-Show,ST480E,,es,
/lo-mas-vendido/pure-metal-oro-rosa-st481e,/mujer/cuidado_del_cabello/planchas_de_pelo/pure_metal_oro_rosa-ST481E.html,Product-Show,ST481E,,es,
/cabello/planchas-pelo/plancha-tenacilla-2en-1-st440e,/mujer/cuidado_del_cabello/planchas_de_pelo/plancha_2_en_1_alisa_y_riza_st72pe-ST72PE.html,Product-Show,ST72PE,,es,
/barba/pro-35-negro.html,/hombre/barba/barberos/barbero_pro_35_negro-T800E.html,Product-Show,T800E,,babylissmen,
/barba/pro-35-blanco.html,/hombre/barba/barberos/barbero_pro_35_blanco-T810E.html,Product-Show,T810E,,babylissmen,
/pro-35-negro-con-sin-cable.html,/hombre/barba/barberos/pro_35_negro_con%2Fsin_cable-T820E.html,Product-Show,T820E,,babylissmen,
/barba/pro-35-negro-con-sin-cable.html,/hombre/barba/barberos/pro_35_negro_con%2Fsin_cable-T820E.html,Product-Show,T820E,,babylissmen,
/barba/pro-35-negro-1-a-35mm.html,/hombre/barba/barberos/pro_35_negro_1_a_35mm-T830E.html,Product-Show,T830E,,babylissmen,
/pro-35-negro-1-a-35mm.html,/hombre/barba/barberos/pro_35_negro_1_a_35mm-T830E.html,Product-Show,T830E,,babylissmen,
/multi-31.html,/hombre/cuerpo/multigroom/multi_10_blanco-T839E.html,Product-Show,T839E,,babylissmen,
/multi/multi-31.html,/hombre/cuerpo/multigroom/multi_10_blanco-T839E.html,Product-Show,T839E,,babylissmen,
/cabello/tenacillas-pelo,/mujer/cuidado_del_cabello/tenacillas/,Search-Show,	fer-a-boucler,,es,
/cabello/planchas-pelo,/mujer/cuidado_del_cabello/planchas_de_pelo/,Search-Show,brosse-lissante,,es,
/cabello/planchas-pelo/230-elegance,/mujer/cuidado_del_cabello/planchas_de_pelo/,Search-Show,brosse-lissante,,es,
/cabello/planchas-pelo/plancha-sensitive-black-st452e,/mujer/cuidado_del_cabello/planchas_de_pelo/,Search-Show,brosse-lissante,,es,
/cabello/planchas-pelo/st270e,/mujer/cuidado_del_cabello/planchas_de_pelo/,Search-Show,brosse-lissante,,es,
/plancha-sensitive-black-st452e,/mujer/cuidado_del_cabello/planchas_de_pelo/,Search-Show,brosse-lissante,,es,
/plancha-tenacilla-2en-1-st440e,/mujer/cuidado_del_cabello/planchas_de_pelo/,Search-Show,brosse-lissante,,es,
/pure-metal-mdkt/index.html,/mujer/cuidado_del_cabello/planchas_de_pelo/,Search-Show,brosse-lissante,,es,
/puremetal/index.html,/mujer/cuidado_del_cabello/planchas_de_pelo/,Search-Show,brosse-lissante,,es,
/2736e-607,/mujer/cuidado_del_cabello/cepillos_moldeadores/,Search-Show,brosse-soufflante,,es,
/cabello/moldeador-pelo,/mujer/cuidado_del_cabello/cepillos_moldeadores/,Search-Show,brosse-soufflante,,es,
/cabello/moldeador-pelo/2736e-607,/mujer/cuidado_del_cabello/cepillos_moldeadores/,Search-Show,brosse-soufflante,,es,
/cabello/moldeador-pelo/as530e,/mujer/cuidado_del_cabello/cepillos_moldeadores/,Search-Show,brosse-soufflante,,es,
/cabello/rizadores-curl-secret,/mujer/cuidado_del_cabello/rizadores_curl_secret/,Search-Show,curl-secret,,es,
/cabello/rizadores-curl-secret/c1100e,/mujer/cuidado_del_cabello/rizadores_curl_secret/,Search-Show,curl-secret,,es,
/cabello/rizadores-curl-secret/c1101e,/mujer/cuidado_del_cabello/rizadores_curl_secret/,Search-Show,curl-secret,,es,
/cabello/rizadores-curl-secret/c900e,/mujer/cuidado_del_cabello/rizadores_curl_secret/,Search-Show,curl-secret,,es,
/cabello/rizadores-curl-secret/c901pe,/mujer/cuidado_del_cabello/rizadores_curl_secret/,Search-Show,curl-secret,,es,
/cabello/rizadores-curl-secret/curl-secret-green-lagoon,/mujer/cuidado_del_cabello/rizadores_curl_secret/,Search-Show,curl-secret,,es,
/cabello/rizadores-curl-secret/curl-secret-ionic-con-control-de-direccion-white-pearl,/mujer/cuidado_del_cabello/rizadores_curl_secret/,Search-Show,curl-secret,,es,
/cabello/rizadores-curl-secret/curl-secret-night-blue,/mujer/cuidado_del_cabello/rizadores_curl_secret/,Search-Show,curl-secret,,es,
/curl-secret-night-blue,/mujer/cuidado_del_cabello/rizadores_curl_secret/,Search-Show,curl-secret,,es,
/curl-secret/index.html,/mujer/cuidado_del_cabello/rizadores_curl_secret/,Search-Show,curl-secret,,es,
/productos/el-cuidado-del-cabello/the-curl-secret/2148/,/mujer/cuidado_del_cabello/rizadores_curl_secret/,Search-Show,curl-secret,,es,
/depilacion-luz-pulsada,/mujer/depilación/depilación_con_luz_pulsada/,Search-Show,depilación con luz pulsada,,es,
/depilacion-luz-pulsada/g934e,/mujer/depilaci%C3%B3n/depilaci%C3%B3n_con_luz_pulsada/homelight%C2%AE_compact-HEROG93.html,Search-Show,epilateur-lumiere-pulsee,,es,
/depilacion-luz-pulsada/homelight,/mujer/depilación/depilación_con_luz_pulsada/,Search-Show,epilateur-lumiere-pulsee,,es,
/depilacion-luz-pulsada/homelight-sensor,/mujer/depilación/depilación_con_luz_pulsada/,Search-Show,epilateur-lumiere-pulsee,,es,
/pack-homelight,/mujer/depilación/depilación_con_luz_pulsada/,Search-Show,epilateur-lumiere-pulsee,,es,
/depilacion-luz-pulsada/homelight-compact-golden-edition,/mujer/depilación/depilación_con_luz_pulsada/homelight®_compact-HEROG93.html,Search-Show,epilateur-lumiere-pulsee,,es,
/g934e,/mujer/depilación/,Search-Show,epilation,,es,
/776503,/mujer/,Search-Show,femme,Ici ils veulent rediriger vers la landing Femme (mais je ne pense pas que l'ID soit le bon) et ils se sont planté dans le type je pense (Home n'est pas bon),es,
/as530e,/mujer/,Search-Show,femme,Ici ils veulent rediriger vers la landing Femme (mais je ne pense pas que l'ID soit le bon) et ils se sont planté dans le type je pense (Home n'est pas bon),es,
/as550e,/mujer/,Search-Show,femme,Ici ils veulent rediriger vers la landing Femme (mais je ne pense pas que l'ID soit le bon) et ils se sont planté dans le type je pense (Home n'est pas bon),es,
/belleza,/mujer/,Search-Show,femme,Ici ils veulent rediriger vers la landing Femme (mais je ne pense pas que l'ID soit le bon) et ils se sont planté dans le type je pense (Home n'est pas bon),es,
/cabello,/mujer/,Search-Show,femme,Ici ils veulent rediriger vers la landing Femme (mais je ne pense pas que l'ID soit le bon) et ils se sont planté dans le type je pense (Home n'est pas bon),es,
/cabello/range-sensor-digital,/mujer/,Search-Show,femme,,es,
/channel/UC0_rFCBP2PgLbcrU9joGImQ,/mujer/,Search-Show,femme,Ici ils veulent rediriger vers la landing Femme (mais je ne pense pas que l'ID soit le bon) et ils se sont planté dans le type je pense (Home n'est pas bon),es,
/checkout/cart/,/mujer/,Search-Show,femme,Ici ils veulent rediriger vers la landing Femme (mais je ne pense pas que l'ID soit le bon) et ils se sont planté dans le type je pense (Home n'est pas bon),es,
/conocenos-1,/mujer/,Search-Show,femme,Ici ils veulent rediriger vers la landing Femme (mais je ne pense pas que l'ID soit le bon) et ils se sont planté dans le type je pense (Home n'est pas bon),es,
/conocenos.html,/mujer/,Search-Show,femme,Ici ils veulent rediriger vers la landing Femme (mais je ne pense pas que l'ID soit le bon) et ils se sont planté dans le type je pense (Home n'est pas bon),es,
/david_lloyd/index.html,/mujer/,Search-Show,femme,,es,
/h/7442297.html,/mujer/,Search-Show,femme,,es,
/productos-cabello,/mujer/,Search-Show,femme,,es,
/range/index.html,/mujer/,Search-Show,femme,,es,
/tw1100e,/mujer/,Search-Show,femme,,es,
/user/BBlissParis,/mujer/,Search-Show,femme,,es,
/,/,Search-Show,homme,,babylissmen,
/conocenos,/hombre/,Search-Show,homme,,babylissmen,
/barbero-512.html,/hombre/,Search-Show,homme,,babylissmen,
/ipl.html,/hombre/,Search-Show,homme,,babylissmen,
/ipl/homelightr-100.html,/hombre/,Search-Show,homme,,babylissmen,
/gym.html,/hombre/,Search-Show,homme,,babylissmen,
/sobre-nosotros,/hombre/,Search-Show,homme,,babylissmen,
/gym/pro-silence-2200w.html,/hombre/,Search-Show,homme,,babylissmen,
/ipl/homelightr-connected.html,/hombre/,Search-Show,homme,,babylissmen,
/BasesBaBylissMenBanderaEspaña/index.html,/hombre/,Search-Show,homme,,babylissmen,
/gym/compact-dryer.html,/hombre/,Search-Show,homme,,babylissmen,
/gym/pro-light-2000w-blanco.html,/hombre/,Search-Show,homme,,babylissmen,
/customer/account/create/,/hombre/,Search-Show,homme,,babylissmen,
/customer/account/login/,/hombre/,Search-Show,homme,,babylissmen,
/gym/retra-cord-2000.html,/hombre/,Search-Show,homme,,babylissmen,
/multi.html,/hombre/cuerpo/multigroom/,Search-Show,kits-multi-usages-corps,,babylissmen,
/multi-33.html,/hombre/cuerpo/multigroom/,Search-Show,kits-multi-usages-corps,,babylissmen,
/multi/multi-trimmer-body-groom-sport-edition.html,/hombre/cuerpo/multigroom/,Search-Show,kits-multi-usages-corps,,babylissmen,
/multi-6.html,/hombre/cuerpo/multigroom/,Search-Show,kits-multi-usages-corps,,babylissmen,
/multi/multi-29.html,/hombre/cuerpo/multigroom/,Search-Show,kits-multi-usages-corps,,babylissmen,
/multi/multi-30.html,/hombre/cuerpo/multigroom/,Search-Show,kits-multi-usages-corps,,babylissmen,
/multi-29.html,/hombre/cuerpo/multigroom/,Search-Show,kits-multi-usages-corps,,babylissmen,
/multi-trimmer-body-groom-sport-edition.html,/hombre/cuerpo/multigroom/,Search-Show,kits-multi-usages-corps,,babylissmen,
/set-de-manicura-y-pedicura,/mujer/belleza/manicura_y_pedicura/,Search-Show,manucure-et-pedicure,,es,
/cabello/mini,/mujer/cuidado_del_cabello/formatos_mini/,Search-Show,mini,,es,
/cabello/rulos-termicos,/mujer/cuidado_del_cabello/multistylers_y_rulos/,Search-Show,multi-styler,,es,
/cabello/secadores-expert,/mujer/cuidado_del_cabello/secadores/,Search-Show,seche-cheveux,,es,
/cabello/secadores-profesional,/mujer/cuidado_del_cabello/secadores/,Search-Show,seche-cheveux,,es,
/cabello/secadores-profesional/le-pro,/mujer/cuidado_del_cabello/secadores/,Search-Show,seche-cheveux,,es,
/le-pro,/mujer/cuidado_del_cabello/secadores/,Search-Show,seche-cheveux,,es,
/barba.html,/hombre/barba/barberos/,Search-Show,tondeuse-barbe,,babylissmen,
/barba/barbero-512.html,/hombre/barba/barberos/,Search-Show,tondeuse-barbe,,babylissmen,
/barbero.html,/hombre/barba/barberos/,Search-Show,tondeuse-barbe,,babylissmen,
/pro-35.html,/hombre/barba/barberos/barbero_pro_35-T840E.html,Search-Show,tondeuse-barbe,,babylissmen,
/barba/pro-35.html,/hombre/barba/barberos/barbero_pro_35-T840E.html,Search-Show,tondeuse-barbe,,babylissmen,
/barba/barbero.html,/hombre/barba/barberos,Search-Show,tondeuse-cheveux,,babylissmen,
/pelo.html,/hombre/pelo/cortapelos/,Search-Show,tondeuse-cheveux,,babylissmen,
/pelo/cortapelos.html,/hombre/pelo/cortapelos/,Search-Show,tondeuse-cheveux,,babylissmen,
/pelo/cortapelos-536.html,/hombre/pelo/cortapelos/,Search-Show,tondeuse-cheveux,,babylissmen,
/pelo/cortapelos-534.html,/hombre/pelo/cortapelos/,Search-Show,tondeuse-cheveux,,babylissmen,
/set-cortapelos-sport-edition.html,/hombre/pelo/cortapelos/,Search-Show,tondeuse-cheveux,,babylissmen,
/pro-89.html,/hombre/pelo/cortapelos/,Search-Show,tondeuse-cheveux,,babylissmen,
/pelo/cortapelos-pro.html,/hombre/pelo/cortapelos/,Search-Show,tondeuse-cheveux,,babylissmen,
/cortapelos-536.html,/hombre/pelo/cortapelos/,Search-Show,tondeuse-cheveux,,babylissmen,
/pelo/set-cortapelos-sport-edition.html,/hombre/pelo/cortapelos/,Search-Show,tondeuse-cheveux,,babylissmen,
/cortapelos-pro.html,/hombre/pelo/cortapelos/,Search-Show,tondeuse-cheveux,,babylissmen,
/pelo/pro-84.html,/hombre/pelo/cortapelos/,Search-Show,tondeuse-cheveux,,babylissmen,
/cortapelos-534.html,/hombre/pelo/cortapelos/,Search-Show,tondeuse-cheveux,,babylissmen,
/barba/set-barbero-sport-edition-naricero-orejero.html,/hombre/cuerpo/nariceros-orejeros/,Search-Show,tondeuse-nez-oreille,,babylissmen,
/set-barbero-sport-edition-naricero-orejero.html,/hombre/cuerpo/nariceros-orejeros/,Search-Show,tondeuse-nez-oreille,,babylissmen,
/naricero.html,/hombre/cuerpo/nariceros-orejeros/,Search-Show,tondeuse-nez-oreille,,babylissmen,
/multi/naricero-orejero-cejas.html,/hombre/cuerpo/nariceros-orejeros/,Search-Show,tondeuse-nez-oreille,,babylissmen,
/multi/naricero.html,/hombre/cuerpo/nariceros-orejeros/,Search-Show,tondeuse-nez-oreille,,babylissmen,
/blog,/conseils-femme,Search-ShowContent,conseils-femme,ici ils veulent rediriger vers la catégorie Femme du blog, je ne connais pas l'ID,es
/blog/10-productos-rebajas-chollos/,/conseils-femme,Search-ShowContent,conseils-femme,ici ils veulent rediriger vers la catégorie Femme du blog, je ne connais pas l'ID,es
/blog/3-tendencias-pelo-rubio-invierno/,/conseils-femme,Search-ShowContent,conseils-femme,ici ils veulent rediriger vers la catégorie Femme du blog, je ne connais pas l'ID,es
/blog/3-tipos-de-coleta-alta-para-triunfar-esta-temporada/,/conseils-femme,Search-ShowContent,conseils-femme,ici ils veulent rediriger vers la catégorie Femme du blog, je ne connais pas l'ID,es
/blog/6-peinados-6-disfraces-halloween/,/conseils-femme,Search-ShowContent,conseils-femme,ici ils veulent rediriger vers la catégorie Femme du blog, je ne connais pas l'ID,es
/blog/adios-encrespamiento/,/conseils-femme,Search-ShowContent,conseils-femme,ici ils veulent rediriger vers la catégorie Femme du blog, je ne connais pas l'ID,es
/blog/amigo-invisible/,/conseils-femme,Search-ShowContent,conseils-femme,ici ils veulent rediriger vers la catégorie Femme du blog, je ne connais pas l'ID,es
/blog/arriba-el-curly/,/conseils-femme,Search-ShowContent,conseils-femme,ici ils veulent rediriger vers la catégorie Femme du blog, je ne connais pas l'ID,es
/blog/cat/beauty-&-fashion/post/adios-encrespamiento,/conseils-femme,Search-ShowContent,conseils-femme,ici ils veulent rediriger vers la catégorie Femme du blog, je ne connais pas l'ID,es
/blog/cat/beauty-&-fashion/post/amigo-invisible,/conseils-femme,Search-ShowContent,conseils-femme,ici ils veulent rediriger vers la catégorie Femme du blog, je ne connais pas l'ID,es
/blog/cat/beauty-&-fashion/post/arriba-el-curly,/conseils-femme,Search-ShowContent,conseils-femme,ici ils veulent rediriger vers la catégorie Femme du blog, je ne connais pas l'ID,es
/blog/cat/beauty-&-fashion/post/black_and_beauty_friday,/conseils-femme,Search-ShowContent,conseils-femme,ici ils veulent rediriger vers la catégorie Femme du blog, je ne connais pas l'ID,es
/blog/cat/beauty-&-fashion/post/color-de-pelo-para-otono,/conseils-femme,Search-ShowContent,conseils-femme,ici ils veulent rediriger vers la catégorie Femme du blog, je ne connais pas l'ID,es
/blog/cat/beauty-&-fashion/post/las-chicas-del-cable,/conseils-femme,Search-ShowContent,conseils-femme,ici ils veulent rediriger vers la catégorie Femme du blog, je ne connais pas l'ID,es
/blog/cat/hair-trends,/conseils-femme,Search-ShowContent,conseils-femme,ici ils veulent rediriger vers la catégorie Femme du blog, je ne connais pas l'ID,es
/blog/cat/hair-trends/post/3-tendencias-pelo-rubio-invierno,/conseils-femme,Search-ShowContent,conseils-femme,ici ils veulent rediriger vers la catégorie Femme du blog, je ne connais pas l'ID,es
/blog/cat/hair-trends/post/6-peinados-6-disfraces-halloween,/conseils-femme,Search-ShowContent,conseils-femme,ici ils veulent rediriger vers la catégorie Femme du blog, je ne connais pas l'ID,es
/blog/cat/hair-trends/post/como-llevar-panuelo-en-la-cabeza,/conseils-femme,Search-ShowContent,conseils-femme,ici ils veulent rediriger vers la catégorie Femme du blog, je ne connais pas l'ID,es
/blog/cat/hair-trends/post/malas-de-carnaval,/conseils-femme,Search-ShowContent,conseils-femme,ici ils veulent rediriger vers la catégorie Femme du blog, je ne connais pas l'ID,es
/blog/cat/hair-trends/post/peinados-navidad,/conseils-femme,Search-ShowContent,conseils-femme,ici ils veulent rediriger vers la catégorie Femme du blog, je ne connais pas l'ID,es
/blog/cat/hair-trends/post/PeinadosIrresistiblesParaQueBrilles,/conseils-femme,Search-ShowContent,conseils-femme,ici ils veulent rediriger vers la catégorie Femme du blog, je ne connais pas l'ID,es
/blog/cat/hair-trends/post/TodasQuierenFlequillo,/conseils-femme,Search-ShowContent,conseils-femme,ici ils veulent rediriger vers la catégorie Femme du blog, je ne connais pas l'ID,es
/blog/cat/Noticias-eventos-y-prensa/post/animate-a-regalonear-para-chicas-listas-y-papas-coquetos,/conseils-femme,Search-ShowContent,conseils-femme,ici ils veulent rediriger vers la catégorie Femme du blog, je ne connais pas l'ID,es
/blog/cat/Noticias-eventos-y-prensa/post/los-oscars-mas-vintage-un-homenaje-a-las-glamurosas-ondas-de-los-40,/conseils-femme,Search-ShowContent,conseils-femme,ici ils veulent rediriger vers la catégorie Femme du blog, je ne connais pas l'ID,es
/blog/cat/Noticias-eventos-y-prensa/post/premio_wh,/conseils-femme,Search-ShowContent,conseils-femme,ici ils veulent rediriger vers la catégorie Femme du blog, je ne connais pas l'ID,es
/blog/cat/Noticias-eventos-y-prensa/post/reto-un-truco-para-mi-pelo,/conseils-femme,Search-ShowContent,conseils-femme,ici ils veulent rediriger vers la catégorie Femme du blog, je ne connais pas l'ID,es
/blog/cat/regalo-el,/conseils-femme,Search-ShowContent,conseils-femme,ici ils veulent rediriger vers la catégorie Femme du blog, je ne connais pas l'ID,es
/blog/cat/regalo-el/post/BlackFridayenBaByliss,/conseils-femme,Search-ShowContent,conseils-femme,ici ils veulent rediriger vers la catégorie Femme du blog, je ne connais pas l'ID,es
/blog/cat/tutoriales,/conseils-femme,Search-ShowContent,conseils-femme,ici ils veulent rediriger vers la catégorie Femme du blog, je ne connais pas l'ID,es
/blog/cat/tutoriales/post/3-rutinas-para-pelo-bonito,/conseils-femme,Search-ShowContent,conseils-femme,ici ils veulent rediriger vers la catégorie Femme du blog, je ne connais pas l'ID,es
/blog/cat/tutoriales/post/3-tipos-de-coleta-alta-para-triunfar-esta-temporada,/conseils-femme,Search-ShowContent,conseils-femme,ici ils veulent rediriger vers la catégorie Femme du blog, je ne connais pas l'ID,es
/blog/cat/tutoriales/post/5-estilos-para-lucir-la-coleta-baja,/conseils-femme,Search-ShowContent,conseils-femme,ici ils veulent rediriger vers la catégorie Femme du blog, je ne connais pas l'ID,es
/blog/cat/tutoriales/post/Como-te-sientes-hoy-romantica-o-algo-salvaje,/conseils-femme,Search-ShowContent,conseils-femme,ici ils veulent rediriger vers la catégorie Femme du blog, je ne connais pas l'ID,es
/blog/cat/tutoriales/post/curl-secret-2-consejos,/conseils-femme,Search-ShowContent,conseils-femme,ici ils veulent rediriger vers la catégorie Femme du blog, je ne connais pas l'ID,es
/blog/cat/tutoriales/post/Curl-Secret-2-el-truqui-de-Vanesa-Romero,/conseils-femme,Search-ShowContent,conseils-femme,ici ils veulent rediriger vers la catégorie Femme du blog, je ne connais pas l'ID,es
/blog/cat/tutoriales/post/El_efecto_Top_Coat_ya_en_tu_cabello,/conseils-femme,Search-ShowContent,conseils-femme,ici ils veulent rediriger vers la catégorie Femme du blog, je ne connais pas l'ID,es
/blog/cat/tutoriales/post/el-mono-de-bailarina-el-peinado-estrella-de-este-otono,/conseils-femme,Search-ShowContent,conseils-femme,ici ils veulent rediriger vers la catégorie Femme du blog, je ne connais pas l'ID,es
/blog/cat/tutoriales/post/el-peinado-de-novia-de-pippa-middleton-paso-a-paso,/conseils-femme,Search-ShowContent,conseils-femme,ici ils veulent rediriger vers la catégorie Femme du blog, je ne connais pas l'ID,es
/blog/cat/tutoriales/post/falso-bob,/conseils-femme,Search-ShowContent,conseils-femme,ici ils veulent rediriger vers la catégorie Femme du blog, je ne connais pas l'ID,es
/blog/cat/tutoriales/post/ondas-surferas-faciles,/conseils-femme,Search-ShowContent,conseils-femme,ici ils veulent rediriger vers la catégorie Femme du blog, je ne connais pas l'ID,es
/blog/como-llevar-panuelo-en-la-cabeza/,/conseils-femme,Search-ShowContent,conseils-femme,ici ils veulent rediriger vers la catégorie Femme du blog, je ne connais pas l'ID,es
/blog/consejos-lavar-cabello/,/conseils-femme,Search-ShowContent,conseils-femme,ici ils veulent rediriger vers la catégorie Femme du blog, je ne connais pas l'ID,es
/blog/Curl-Secret-2-el-truqui-de-Vanesa-Romero/,/conseils-femme,Search-ShowContent,conseils-femme,ici ils veulent rediriger vers la catégorie Femme du blog, je ne connais pas l'ID,es
/blog/dime-que-deporte-practicas-y-te-dire-que-peinado-tienes-que-llevar-al-gym/,/conseils-femme,Search-ShowContent,conseils-femme,ici ils veulent rediriger vers la catégorie Femme du blog, je ne connais pas l'ID,es
/blog/el-flequillo-del-verano/,/conseils-femme,Search-ShowContent,conseils-femme,ici ils veulent rediriger vers la catégorie Femme du blog, je ne connais pas l'ID,es
/blog/el-peinado-de-novia-de-pippa-middleton-paso-a-paso/,/conseils-femme,Search-ShowContent,conseils-femme,ici ils veulent rediriger vers la catégorie Femme du blog, je ne connais pas l'ID,es
/blog/errores-mas-comunes-al-planchar/,/conseils-femme,Search-ShowContent,conseils-femme,ici ils veulent rediriger vers la catégorie Femme du blog, je ne connais pas l'ID,es
/blog/estrena-look-pasate-al-flequillo/,/conseils-femme,Search-ShowContent,conseils-femme,ici ils veulent rediriger vers la catégorie Femme du blog, je ne connais pas l'ID,es
/blog/falso-bob/,/conseils-femme,Search-ShowContent,conseils-femme,ici ils veulent rediriger vers la catégorie Femme du blog, je ne connais pas l'ID,es
/blog/keratina_bueno/,/conseils-femme,Search-ShowContent,conseils-femme,ici ils veulent rediriger vers la catégorie Femme du blog, je ne connais pas l'ID,es
/blog/largos-4-anos/,/conseils-femme,Search-ShowContent,conseils-femme,ici ils veulent rediriger vers la catégorie Femme du blog, je ne connais pas l'ID,es
/blog/Las-ondas-favoritas-de-Sara-Sabate-con-Curl-Secret-2/,/conseils-femme,Search-ShowContent,conseils-femme,ici ils veulent rediriger vers la catégorie Femme du blog, je ne connais pas l'ID,es
/blog/peinados-navidad/,/conseils-femme,Search-ShowContent,conseils-femme,ici ils veulent rediriger vers la catégorie Femme du blog, je ne connais pas l'ID,es
/blog/peluqueria/,/conseils-femme,Search-ShowContent,conseils-femme,ici ils veulent rediriger vers la catégorie Femme du blog, je ne connais pas l'ID,es
/blog/premio_wh/,/conseils-femme,Search-ShowContent,conseils-femme,ici ils veulent rediriger vers la catégorie Femme du blog, je ne connais pas l'ID,es
/blog/Se-te-van-los-ojos-desde-que-lleva-esa-barba-larga-tan-irresistible/,/conseils-femme,Search-ShowContent,conseils-femme,ici ils veulent rediriger vers la catégorie Femme du blog, je ne connais pas l'ID,es
/blog/solo-necesitas-1-plancha/,/conseils-femme,Search-ShowContent,conseils-femme,ici ils veulent rediriger vers la catégorie Femme du blog, je ne connais pas l'ID,es
/blog/tag/pañuelos/?dir=asc&order=user,/conseils-femme,Search-ShowContent,conseils-femme,ici ils veulent rediriger vers la catégorie Femme du blog, je ne connais pas l'ID,es
/blog/TodasQuierenFlequillo/,/conseils-femme,Search-ShowContent,conseils-femme,ici ils veulent rediriger vers la catégorie Femme du blog, je ne connais pas l'ID,es
/blog/trucos-para-evitar-caida-cabello-primavera/,/conseils-femme,Search-ShowContent,conseils-femme,ici ils veulent rediriger vers la catégorie Femme du blog, je ne connais pas l'ID,es
/noticias-eventos-y-prensa,/conseils-femme,Search-ShowContent,conseils-femme,,es,
/blog/cat/tutoriales/post/me-estoy-quedando-calvo,/conseils-homme,Search-ShowContent,conseils-homme,,babylissmen,
/blog/cat/tutoriales/post/CORTE-Y-ESTILO-POMPADOUR-PASO-A-PASO,/conseils-homme,Search-ShowContent,conseils-homme,,babylissmen,
/blog/cat/tutoriales/post/DEJARSE-BARBA-NO-ES-DEJAR-DE-AFEITARSE,/conseils-homme,Search-ShowContent,conseils-homme,,babylissmen,
/blog/los-cabezones-llevan-barba/,/conseils-homme,Search-ShowContent,conseils-homme,,babylissmen,
/blog/cat/regalo-ella/post/este-ano-acierto-seguro-planchas-2-en-1-pure-metal-con-efecto-top-coat-y-curl-secret-2-felicidades-mama-babyliss-dia-de-la-madre,/conseils-homme,Search-ShowContent,conseils-homme,,babylissmen,
/blog/DEJARSE-BARBA-NO-ES-DEJAR-DE-AFEITARSE/,/conseils-homme,Search-ShowContent,conseils-homme,,babylissmen,
/blog/los-calvos-ya-tienen-champu/,/conseils-homme,Search-ShowContent,conseils-homme,,babylissmen,
/blog/top-3-deportistas-con-mas-estilo/,/conseils-homme,Search-ShowContent,conseils-homme,,babylissmen,
/blog/cat/trendy-style/post/grasas,/conseils-homme,Search-ShowContent,conseils-homme,,babylissmen,
/blog,/conseils-homme,Search-ShowContent,conseils-homme,,babylissmen,
/blog/asi-es-tu-cara-asi-debe-ser-tu-barba/,/conseils-homme,Search-ShowContent,conseils-homme,,babylissmen,
/blog/cat/trendy-style/post/5-formas-de-perder-pelo-sin-perder-estilo,/conseils-homme,Search-ShowContent,conseils-homme,,babylissmen,
/blog/barbaperfecta/,/conseils-homme,Search-ShowContent,conseils-homme,,babylissmen,
/blog/cat/tutoriales/post/tu-barba-se-perfila-asi,/conseils-homme,Search-ShowContent,conseils-homme,,babylissmen,
/blog/CORTE-Y-ESTILO-POMPADOUR-PASO-A-PASO/,/conseils-homme,Search-ShowContent,conseils-homme,,babylissmen,
/blog/la-barba-ya-no-es-un-tabu/,/conseils-homme,Search-ShowContent,conseils-homme,,babylissmen,
/blog/Vuelve-Prison-Break-y-el-estilo-inconfundible-de-Scofield-y-Burrows/,/conseils-homme,Search-ShowContent,conseils-homme,,babylissmen,
/blog/bombero-modelo-deportista-de-riesgo-e-instagramer-Leo-rico-es-el-embajador-de-le-beard-designer/,/conseils-homme,Search-ShowContent,conseils-homme,,babylissmen,
/blog/multi-10e837e-5-cabezales-para-un-styling-de-la-cabeza-a-los-pies/,/conseils-homme,Search-ShowContent,conseils-homme,,babylissmen,
/blog/cat/tutoriales/post/multi-10e837e-5-cabezales-para-un-styling-de-la-cabeza-a-los-pies,/conseils-homme,Search-ShowContent,conseils-homme,,babylissmen,
/blog/cena-empresa/,/conseils-homme,Search-ShowContent,conseils-homme,,babylissmen,
/blog/en-sus-marcas-listos-sin-vello/,/conseils-homme,Search-ShowContent,conseils-homme,,babylissmen,
/blog/cat/actualidad/post/bonnie-clyde-no-se-equivocaron-y-los-que-llevaron-barba-tampoco,/conseils-homme,Search-ShowContent,conseils-homme,,babylissmen,
/blog/cat/actualidad/post/Vuelve-Prison-Break-y-el-estilo-inconfundible-de-Scofield-y-Burrows,/conseils-homme,Search-ShowContent,conseils-homme,,babylissmen,
/blog/cat/tutoriales/post/asi-es-tu-cara-asi-debe-ser-tu-barba,/conseils-homme,Search-ShowContent,conseils-homme,,babylissmen,
/blog/champus-adecuados/,/conseils-homme,Search-ShowContent,conseils-homme,,babylissmen,
/blog/los-barbudos-de-corazon-de-soybarbudo-com-prueban-y-aprueban-le-beard-designer/,/conseils-homme,Search-ShowContent,conseils-homme,,babylissmen,
/blog/Ronaldo-el-mejor-jugador-de-europa-y-el-mejor-vestido/,/conseils-homme,Search-ShowContent,conseils-homme,,babylissmen,
/blog/Aunque-parezca-raro-Nueva-York-dice-que-puedes-ponerte-un-pantalon-de-chandal-con-una-americana/,/conseils-homme,Search-ShowContent,conseils-homme,,babylissmen,
/blog/canas-como-aliarte-con-tu-enemigo/,/conseils-homme,Search-ShowContent,conseils-homme,,babylissmen,
/blog/carnaval-iconico/,/conseils-homme,Search-ShowContent,conseils-homme,,babylissmen,
/blog/cat/actualidad/post/largos-4-anos,/conseils-homme,Search-ShowContent,conseils-homme,,babylissmen,
/blog/cat/actualidad/post/los-calvos-ya-tienen-champu,/conseils-homme,Search-ShowContent,conseils-homme,,babylissmen,
/blog/cat/beauty-&-fashion/post/regalos-de-ultima-hora-para-completos-despistados,/conseils-homme,Search-ShowContent,conseils-homme,,babylissmen,
/blog/cat/Noticias-eventos-y-prensa/post/bombero-modelo-deportista-de-riesgo-e-instagramer-Leo-rico-es-el-embajador-de-le-beard-designer,/conseils-homme,Search-ShowContent,conseils-homme,,babylissmen,
/blog/cat/Noticias-eventos-y-prensa/post/en-gamergy-se-va-a-liar,/conseils-homme,Search-ShowContent,conseils-homme,,babylissmen,
/blog/cat/Noticias-eventos-y-prensa/post/javier_rey_en_el_sillon_de_babylissmen,/conseils-homme,Search-ShowContent,conseils-homme,,babylissmen,
/blog/cat/Noticias-eventos-y-prensa/post/los-barbudos-de-corazon-de-soybarbudo-com-prueban-y-aprueban-le-beard-designer,/conseils-homme,Search-ShowContent,conseils-homme,,babylissmen,
/blog/cat/trendy-style/post/Aunque-parezca-raro-Nueva-York-dice-que-puedes-ponerte-un-pantalon-de-chandal-con-una-americana,/conseils-homme,Search-ShowContent,conseils-homme,,babylissmen,
/blog/cat/trendy-style/post/barbaperfecta,/conseils-homme,Search-ShowContent,conseils-homme,,babylissmen,
/blog/cat/trendy-style/post/canas-como-aliarte-con-tu-enemigo,/conseils-homme,Search-ShowContent,conseils-homme,,babylissmen,
/blog/cat/trendy-style/post/cena-empresa/,/conseils-homme,Search-ShowContent,conseils-homme,,babylissmen,
/blog/cat/trendy-style/post/momento-de-transformacion-chewbacca/,/conseils-homme,Search-ShowContent,conseils-homme,,babylissmen,
/blog/cortedepelo/,/conseils-homme,Search-ShowContent,conseils-homme,,babylissmen,
/blog/final-blanca-en-la-champions-league-caracter-con-distintos-estilos/,/conseils-homme,Search-ShowContent,conseils-homme,,babylissmen,
/blog/javier_rey_en_el_sillon_de_babylissmen/,/conseils-homme,Search-ShowContent,conseils-homme,,babylissmen,
/blog/JIM-CHAPMAN-PASA-DE-NIVEL-CON-EL-MULTI-10-E826E-DE-BABYLISSMEN/,/conseils-homme,Search-ShowContent,conseils-homme,,babylissmen,
/blog/las-claves-del-gooming/,/conseils-homme,Search-ShowContent,conseils-homme,,babylissmen,
/blog/lo-3-musicos-que-vas-a-querer-imitar/,/conseils-homme,Search-ShowContent,conseils-homme,,babylissmen,
/blog/ponte-a-nadar/,/conseils-homme,Search-ShowContent,conseils-homme,,babylissmen,
/blog/tu-barba-se-perfila-asi/,/conseils-homme,Search-ShowContent,conseils-homme,,babylissmen,
/blog/tag/Barba/?dir=asc&order=user,/conseils-homme,Search-ShowContent,conseils-homme,,babylissmen,
/blog/te-estoy-viendo/,/conseils-homme,Search-ShowContent,conseils-homme,,babylissmen,
/blog/cat/trendy-style/post/cosas-inprescindibles-para-viajar,/conseils-homme,Search-ShowContent,conseils-homme,,babylissmen,
/donde-comprar,/on/demandware.store/Sites-es-babyliss-Site/es_ES/Stores-Find,Stores-Find,Tiendas,,babylissmen,
/donde-comprar,/Stores-Find,Stores-Find,Tiendas,,es,
